unit_id,annotator_a,annotator_b,disagreement_type,notes
spdb-v1-unassigned-01002191acc8,PF_ATTACK,PF_PROPOSAL,pragmatic_function,wave1 PF-only; fallacy/SV/CA not yet annotated
spdb-v1-unassigned-05d607df9c93,PF_PROCEDURAL,PF_INFO,pragmatic_function,wave1 PF-only; fallacy/SV/CA not yet annotated
spdb-v1-unassigned-068f7ac6e082,PF_PROCEDURAL,PF_INFO,pragmatic_function,wave1 PF-only; fallacy/SV/CA not yet annotated
spdb-v1-unassigned-082ee9dc9ec7,PF_DEFENSE,PF_INFO,pragmatic_function,wave1 PF-only; fallacy/SV/CA not yet annotated
spdb-v1-unassigned-0d29c8934566,PF_PROPOSAL,PF_INFO,pragmatic_function,wave1 PF-only; fallacy/SV/CA not yet annotated
spdb-v1-unassigned-1590cc6e03b7,PF_PROCEDURAL,PF_INFO,pragmatic_function,wave1 PF-only; fallacy/SV/CA not yet annotated
spdb-v1-unassigned-1b02f725631c,PF_ATTACK,PF_ADVOCACY,pragmatic_function,wave1 PF-only; fallacy/SV/CA not yet annotated
spdb-v1-unassigned-1b690fdd7009,PF_DEFENSE,PF_ATTACK,pragmatic_function,wave1 PF-only; fallacy/SV/CA not yet annotated
spdb-v1-unassigned-1c2af9a1728f,PF_PROCEDURAL,PF_INFO,pragmatic_function,wave1 PF-only; fallacy/SV/CA not yet annotated
spdb-v1-unassigned-1ce88cf743e8,PF_PROPOSAL,PF_ADVOCACY,pragmatic_function,wave1 PF-only; fallacy/SV/CA not yet annotated
spdb-v1-unassigned-2c68bbd87376,PF_ADVOCACY,PF_INFO,pragmatic_function,wave1 PF-only; fallacy/SV/CA not yet annotated
spdb-v1-unassigned-2ed2284747e8,PF_PROPOSAL,PF_ATTACK,pragmatic_function,wave1 PF-only; fallacy/SV/CA not yet annotated
spdb-v1-unassigned-30d3904ba130,PF_ADVOCACY,PF_APPEAL,pragmatic_function,wave1 PF-only; fallacy/SV/CA not yet annotated
spdb-v1-unassigned-329e5f834a1f,PF_ADVOCACY,PF_INFO,pragmatic_function,wave1 PF-only; fallacy/SV/CA not yet annotated
spdb-v1-unassigned-35a6117f0c82,PF_ATTACK,PF_ADVOCACY,pragmatic_function,wave1 PF-only; fallacy/SV/CA not yet annotated
spdb-v1-unassigned-37aa7726674c,PF_PROCEDURAL,PF_PROPOSAL,pragmatic_function,wave1 PF-only; fallacy/SV/CA not yet annotated
spdb-v1-unassigned-405d9499b876,PF_ATTACK,PF_APPEAL,pragmatic_function,wave1 PF-only; fallacy/SV/CA not yet annotated
spdb-v1-unassigned-443dcd74d760,PF_ATTACK,PF_DEFLECT,pragmatic_function,wave1 PF-only; fallacy/SV/CA not yet annotated
spdb-v1-unassigned-44bf652df8f3,PF_ATTACK,PF_ADVOCACY,pragmatic_function,wave1 PF-only; fallacy/SV/CA not yet annotated
spdb-v1-unassigned-483e95cc103b,PF_INFO,PF_DEFENSE,pragmatic_function,wave1 PF-only; fallacy/SV/CA not yet annotated
spdb-v1-unassigned-491f4793313e,PF_PROPOSAL,PF_ATTACK,pragmatic_function,wave1 PF-only; fallacy/SV/CA not yet annotated
spdb-v1-unassigned-53ec7a381c34,PF_ATTACK,PF_APPEAL,pragmatic_function,wave1 PF-only; fallacy/SV/CA not yet annotated
spdb-v1-unassigned-597eb26a3f6c,PF_DEFENSE,PF_ADVOCACY,pragmatic_function,wave1 PF-only; fallacy/SV/CA not yet annotated
spdb-v1-unassigned-598437f9ffdc,PF_ATTACK,PF_DEFENSE,pragmatic_function,wave1 PF-only; fallacy/SV/CA not yet annotated
spdb-v1-unassigned-5b618b4d7943,PF_ADVOCACY,PF_DEFLECT,pragmatic_function,wave1 PF-only; fallacy/SV/CA not yet annotated
spdb-v1-unassigned-60dd3e86e761,PF_APPEAL,PF_PROPOSAL,pragmatic_function,wave1 PF-only; fallacy/SV/CA not yet annotated
spdb-v1-unassigned-65b5f1261c2f,PF_INFO,PF_ATTACK,pragmatic_function,wave1 PF-only; fallacy/SV/CA not yet annotated
spdb-v1-unassigned-6a45a832de6e,PF_ATTACK,PF_DEFLECT,pragmatic_function,wave1 PF-only; fallacy/SV/CA not yet annotated
spdb-v1-unassigned-6a499198b4d9,PF_ADVOCACY,PF_PROPOSAL,pragmatic_function,wave1 PF-only; fallacy/SV/CA not yet annotated
spdb-v1-unassigned-6d6700eea2a4,PF_ATTACK,PF_ADVOCACY,pragmatic_function,wave1 PF-only; fallacy/SV/CA not yet annotated
spdb-v1-unassigned-6fa9450f10d7,PF_PROCEDURAL,PF_INFO,pragmatic_function,wave1 PF-only; fallacy/SV/CA not yet annotated
spdb-v1-unassigned-6fd100ce1240,PF_APPEAL,PF_PROPOSAL,pragmatic_function,wave1 PF-only; fallacy/SV/CA not yet annotated
spdb-v1-unassigned-7108aebeecb7,PF_ADVOCACY,PF_DEFENSE,pragmatic_function,wave1 PF-only; fallacy/SV/CA not yet annotated
spdb-v1-unassigned-73334dc3a186,PF_ATTACK,PF_PROPOSAL,pragmatic_function,wave1 PF-only; fallacy/SV/CA not yet annotated
spdb-v1-unassigned-76429caa650e,PF_ATTACK,PF_APPEAL,pragmatic_function,wave1 PF-only; fallacy/SV/CA not yet annotated
spdb-v1-unassigned-783020218722,PF_DEFENSE,PF_ADVOCACY,pragmatic_function,wave1 PF-only; fallacy/SV/CA not yet annotated
spdb-v1-unassigned-7a1e7c1efb7a,PF_PROPOSAL,PF_APPEAL,pragmatic_function,wave1 PF-only; fallacy/SV/CA not yet annotated
spdb-v1-unassigned-7bc5528e899b,PF_DEFENSE,PF_DEFLECT,pragmatic_function,wave1 PF-only; fallacy/SV/CA not yet annotated
spdb-v1-unassigned-7c6ba9a857ad,PF_ATTACK,PF_APPEAL,pragmatic_function,wave1 PF-only; fallacy/SV/CA not yet annotated
spdb-v1-unassigned-7d41ba6a69d6,PF_PROCEDURAL,PF_INFO,pragmatic_function,wave1 PF-only; fallacy/SV/CA not yet annotated
spdb-v1-unassigned-8740f8f1e4e8,PF_ATTACK,PF_APPEAL,pragmatic_function,wave1 PF-only; fallacy/SV/CA not yet annotated
spdb-v1-unassigned-8b84bda12647,PF_ATTACK,PF_INFO,pragmatic_function,wave1 PF-only; fallacy/SV/CA not yet annotated
spdb-v1-unassigned-91b87988aed6,PF_ATTACK,PF_DEFENSE,pragmatic_function,wave1 PF-only; fallacy/SV/CA not yet annotated
spdb-v1-unassigned-a707072d44fe,PF_ADVOCACY,PF_INFO,pragmatic_function,wave1 PF-only; fallacy/SV/CA not yet annotated
spdb-v1-unassigned-a8455bf2bda3,PF_ATTACK,PF_ADVOCACY,pragmatic_function,wave1 PF-only; fallacy/SV/CA not yet annotated
spdb-v1-unassigned-a8fafbfe6cd5,PF_APPEAL,PF_ADVOCACY,pragmatic_function,wave1 PF-only; fallacy/SV/CA not yet annotated
spdb-v1-unassigned-ab76459daa03,PF_PROCEDURAL,PF_INFO,pragmatic_function,wave1 PF-only; fallacy/SV/CA not yet annotated
spdb-v1-unassigned-aef6af22819b,PF_PROPOSAL,PF_ADVOCACY,pragmatic_function,wave1 PF-only; fallacy/SV/CA not yet annotated
spdb-v1-unassigned-af42799d1d3b,PF_APPEAL,PF_ADVOCACY,pragmatic_function,wave1 PF-only; fallacy/SV/CA not yet annotated
spdb-v1-unassigned-af494fedf1eb,PF_PROCEDURAL,PF_ATTACK,pragmatic_function,wave1 PF-only; fallacy/SV/CA not yet annotated
spdb-v1-unassigned-afdb8901b085,PF_PROCEDURAL,PF_INFO,pragmatic_function,wave1 PF-only; fallacy/SV/CA not yet annotated
spdb-v1-unassigned-b441d3dc04e0,PF_PROCEDURAL,PF_INFO,pragmatic_function,wave1 PF-only; fallacy/SV/CA not yet annotated
spdb-v1-unassigned-b57f53b63185,PF_PROPOSAL,PF_PROCEDURAL,pragmatic_function,wave1 PF-only; fallacy/SV/CA not yet annotated
spdb-v1-unassigned-b69e45a0bec6,PF_DEFENSE,PF_ADVOCACY,pragmatic_function,wave1 PF-only; fallacy/SV/CA not yet annotated
spdb-v1-unassigned-c0c77687ca44,PF_ADVOCACY,PF_INFO,pragmatic_function,wave1 PF-only; fallacy/SV/CA not yet annotated
spdb-v1-unassigned-cfa82fc9c391,PF_DEFENSE,PF_APPEAL,pragmatic_function,wave1 PF-only; fallacy/SV/CA not yet annotated
spdb-v1-unassigned-cfc51ad239a1,PF_INFO,PF_DEFENSE,pragmatic_function,wave1 PF-only; fallacy/SV/CA not yet annotated
spdb-v1-unassigned-dff8b57dc1a6,PF_ATTACK,PF_PROCEDURAL,pragmatic_function,wave1 PF-only; fallacy/SV/CA not yet annotated
spdb-v1-unassigned-e0c5ed850aea,PF_PROCEDURAL,PF_INFO,pragmatic_function,wave1 PF-only; fallacy/SV/CA not yet annotated
spdb-v1-unassigned-e445ea8dcd00,PF_PROPOSAL,PF_ADVOCACY,pragmatic_function,wave1 PF-only; fallacy/SV/CA not yet annotated
spdb-v1-unassigned-eb453642ca5f,PF_PROPOSAL,PF_INFO,pragmatic_function,wave1 PF-only; fallacy/SV/CA not yet annotated
spdb-v1-unassigned-eda6c9203b41,PF_PROPOSAL,PF_INFO,pragmatic_function,wave1 PF-only; fallacy/SV/CA not yet annotated
spdb-v1-unassigned-f4efaf8c67ab,PF_PROCEDURAL,PF_ADVOCACY,pragmatic_function,wave1 PF-only; fallacy/SV/CA not yet annotated
spdb-v1-unassigned-fa90f514edd7,PF_PROPOSAL,PF_APPEAL,pragmatic_function,wave1 PF-only; fallacy/SV/CA not yet annotated
spdb-v1-unassigned-fc7bbb055ea5,PF_PROCEDURAL,PF_INFO,pragmatic_function,wave1 PF-only; fallacy/SV/CA not yet annotated
