unit_id,speaker_name,speaker_party,date,disagreement_type,changed_columns,pragmatic_function_a,fallacy_labels_a,semantic_vacuity_a,conceptual_anachronism_a,pragmatic_function_b,fallacy_labels_b,semantic_vacuity_b,conceptual_anachronism_b
spdb-v1-unassigned-01002191acc8,Amparo Botejara Sanz,UP,2017-11-30,pragmatic_function,pragmatic_function,PF_ATTACK,,,,PF_PROPOSAL,,,
spdb-v1-unassigned-05d607df9c93,Presidencia,non_partisan,2017-09-19,pragmatic_function,pragmatic_function,PF_PROCEDURAL,,,,PF_INFO,,,
spdb-v1-unassigned-068f7ac6e082,Presidencia,non_partisan,2017-11-30,pragmatic_function,pragmatic_function,PF_PROCEDURAL,,,,PF_INFO,,,
spdb-v1-unassigned-082ee9dc9ec7,María Montero Cuadrado,PSOE,2020-11-12,pragmatic_function,pragmatic_function,PF_DEFENSE,,,,PF_INFO,,,
spdb-v1-unassigned-0d29c8934566,María Montero Cuadrado,PSOE,2020-11-12,pragmatic_function,pragmatic_function,PF_PROPOSAL,,,,PF_INFO,,,
spdb-v1-unassigned-1590cc6e03b7,Presidencia,non_partisan,2023-02-23,pragmatic_function,pragmatic_function,PF_PROCEDURAL,,,,PF_INFO,,,
spdb-v1-unassigned-1b02f725631c,Lucía Martín González,ECP,2017-09-19,pragmatic_function,pragmatic_function,PF_ATTACK,,,,PF_ADVOCACY,,,
spdb-v1-unassigned-1b690fdd7009,Inés Arrimadas García,Cs,2020-11-12,pragmatic_function,pragmatic_function,PF_DEFENSE,,,,PF_ATTACK,,,
spdb-v1-unassigned-1c2af9a1728f,Presidencia,non_partisan,2017-09-19,pragmatic_function,pragmatic_function,PF_PROCEDURAL,,,,PF_INFO,,,
spdb-v1-unassigned-1ce88cf743e8,María Montero Cuadrado,PSOE,2020-11-12,pragmatic_function,pragmatic_function,PF_PROPOSAL,,,,PF_ADVOCACY,,,
spdb-v1-unassigned-2c68bbd87376,María Montero Cuadrado,PSOE,2020-11-12,pragmatic_function,pragmatic_function,PF_ADVOCACY,,,,PF_INFO,,,
spdb-v1-unassigned-2ed2284747e8,Teodoro García Egea,PP,2017-11-28,pragmatic_function,pragmatic_function,PF_PROPOSAL,,,,PF_ATTACK,,,
spdb-v1-unassigned-30d3904ba130,José Bermúdez Castro Fernández,PP,2017-09-19,pragmatic_function,pragmatic_function,PF_ADVOCACY,,,,PF_APPEAL,,,
spdb-v1-unassigned-329e5f834a1f,Oskar Matute García Jalón,EHBildu,2020-11-12,pragmatic_function,pragmatic_function,PF_ADVOCACY,,,,PF_INFO,,,
spdb-v1-unassigned-35a6117f0c82,Adriana Lastra Fernández,PSOE,2020-11-12,pragmatic_function,pragmatic_function,PF_ATTACK,,,,PF_ADVOCACY,,,
spdb-v1-unassigned-37aa7726674c,Presidencia,non_partisan,2017-09-19,pragmatic_function,pragmatic_function,PF_PROCEDURAL,,,,PF_PROPOSAL,,,
spdb-v1-unassigned-405d9499b876,Oskar Matute García Jalón,EHBildu,2020-11-12,pragmatic_function,pragmatic_function,PF_ATTACK,,,,PF_APPEAL,,,
spdb-v1-unassigned-443dcd74d760,Joan Baldoví Roda,COMPROMÍSQ,2023-02-23,pragmatic_function,pragmatic_function,PF_ATTACK,,,,PF_DEFLECT,,,
spdb-v1-unassigned-44bf652df8f3,Susana Sumelzo Jordán,PSOE,2017-11-28,pragmatic_function,pragmatic_function,PF_ATTACK,,,,PF_ADVOCACY,,,
spdb-v1-unassigned-483e95cc103b,Idoia Sagastizabal Unzetabarrenetxea,EAJPNV,2020-11-12,pragmatic_function,pragmatic_function,PF_INFO,,,,PF_DEFENSE,,,
spdb-v1-unassigned-491f4793313e,Enric Bataller Ruiz,CPEUPV,2017-09-19,pragmatic_function,pragmatic_function,PF_PROPOSAL,,,,PF_ATTACK,,,
spdb-v1-unassigned-53ec7a381c34,Sergi Miquel Valentí,JxCatJUNTS,2017-11-28,pragmatic_function,pragmatic_function,PF_ATTACK,,,,PF_APPEAL,,,
spdb-v1-unassigned-597eb26a3f6c,José Bermúdez Castro Fernández,PP,2017-09-19,pragmatic_function,pragmatic_function,PF_DEFENSE,,,,PF_ADVOCACY,,,
spdb-v1-unassigned-598437f9ffdc,Óscar Galeano Gracia,PSOE,2017-11-28,pragmatic_function,pragmatic_function,PF_ATTACK,,,,PF_DEFENSE,,,
spdb-v1-unassigned-5b618b4d7943,María Galovart Carrera,PSdGPSOE,2017-09-19,pragmatic_function,pragmatic_function,PF_ADVOCACY,,,,PF_DEFLECT,,,
spdb-v1-unassigned-60dd3e86e761,Dolors Montserrat Montserrat,PP,2017-11-30,pragmatic_function,pragmatic_function,PF_APPEAL,,,,PF_PROPOSAL,,,
spdb-v1-unassigned-65b5f1261c2f,María Galovart Carrera,PSdGPSOE,2017-09-19,pragmatic_function,pragmatic_function,PF_INFO,,,,PF_ATTACK,,,
spdb-v1-unassigned-6a45a832de6e,Gabriel Elorriaga Pisarik,PP,2023-02-23,pragmatic_function,pragmatic_function,PF_ATTACK,,,,PF_DEFLECT,,,
spdb-v1-unassigned-6a499198b4d9,Idoia Sagastizabal Unzetabarrenetxea,EAJPNV,2017-11-30,pragmatic_function,pragmatic_function,PF_ADVOCACY,,,,PF_PROPOSAL,,,
spdb-v1-unassigned-6d6700eea2a4,Yolanda Díaz Pérez,ECUP,2017-09-19,pragmatic_function,pragmatic_function,PF_ATTACK,,,,PF_ADVOCACY,,,
spdb-v1-unassigned-6fa9450f10d7,Presidencia,non_partisan,2017-09-19,pragmatic_function,pragmatic_function,PF_PROCEDURAL,,,,PF_INFO,,,
spdb-v1-unassigned-6fd100ce1240,Adriana Lastra Fernández,PSOE,2020-11-12,pragmatic_function,pragmatic_function,PF_APPEAL,,,,PF_PROPOSAL,,,
spdb-v1-unassigned-7108aebeecb7,María García Puig,ECPGUAYEMELCANVI,2017-09-19,pragmatic_function,pragmatic_function,PF_ADVOCACY,,,,PF_DEFENSE,,,
spdb-v1-unassigned-73334dc3a186,Esther Peña Camarero,PSOE,2017-09-19,pragmatic_function,pragmatic_function,PF_ATTACK,,,,PF_PROPOSAL,,,
spdb-v1-unassigned-76429caa650e,Inés Arrimadas García,Cs,2020-11-12,pragmatic_function,pragmatic_function,PF_ATTACK,,,,PF_APPEAL,,,
spdb-v1-unassigned-783020218722,Inés Arrimadas García,Cs,2020-11-12,pragmatic_function,pragmatic_function,PF_DEFENSE,,,,PF_ADVOCACY,,,
spdb-v1-unassigned-7a1e7c1efb7a,Lucía Martín González,ECP,2017-09-19,pragmatic_function,pragmatic_function,PF_PROPOSAL,,,,PF_APPEAL,,,
spdb-v1-unassigned-7bc5528e899b,Íñigo Barandiaran Benito,EAJPNV,2017-09-19,pragmatic_function,pragmatic_function,PF_DEFENSE,,,,PF_DEFLECT,,,
spdb-v1-unassigned-7c6ba9a857ad,Inés Cañizares Pacheco,Vox,2023-02-23,pragmatic_function,pragmatic_function,PF_ATTACK,,,,PF_APPEAL,,,
spdb-v1-unassigned-7d41ba6a69d6,Presidencia,non_partisan,2023-02-23,pragmatic_function,pragmatic_function,PF_PROCEDURAL,,,,PF_INFO,,,
spdb-v1-unassigned-8740f8f1e4e8,Lucía Martín González,ECP,2017-09-19,pragmatic_function,pragmatic_function,PF_ATTACK,,,,PF_APPEAL,,,
spdb-v1-unassigned-8b84bda12647,Inés Cañizares Pacheco,Vox,2023-02-23,pragmatic_function,pragmatic_function,PF_ATTACK,,,,PF_INFO,,,
spdb-v1-unassigned-91b87988aed6,José Villegas Pérez,Cs,2017-11-28,pragmatic_function,pragmatic_function,PF_ATTACK,,,,PF_DEFENSE,,,
spdb-v1-unassigned-a707072d44fe,Segundo González García,UP,2017-11-28,pragmatic_function,pragmatic_function,PF_ADVOCACY,,,,PF_INFO,,,
spdb-v1-unassigned-a8455bf2bda3,Melisa Rodríguez Hernández,Cs,2017-09-19,pragmatic_function,pragmatic_function,PF_ATTACK,,,,PF_ADVOCACY,,,
spdb-v1-unassigned-a8fafbfe6cd5,María García Puig,ECPGUAYEMELCANVI,2017-09-19,pragmatic_function,pragmatic_function,PF_APPEAL,,,,PF_ADVOCACY,,,
spdb-v1-unassigned-ab76459daa03,Presidencia,non_partisan,2017-11-30,pragmatic_function,pragmatic_function,PF_PROCEDURAL,,,,PF_INFO,,,
spdb-v1-unassigned-aef6af22819b,Pilar Garrido Gutiérrez,UP,2023-02-23,pragmatic_function,pragmatic_function,PF_PROPOSAL,,,,PF_ADVOCACY,,,
spdb-v1-unassigned-af42799d1d3b,Patricia Reyes Rivera,Cs,2017-09-19,pragmatic_function,pragmatic_function,PF_APPEAL,,,,PF_ADVOCACY,,,
spdb-v1-unassigned-af494fedf1eb,Presidencia,non_partisan,2017-09-19,pragmatic_function,pragmatic_function,PF_PROCEDURAL,,,,PF_ATTACK,,,
spdb-v1-unassigned-afdb8901b085,Presidencia,non_partisan,2023-02-23,pragmatic_function,pragmatic_function,PF_PROCEDURAL,,,,PF_INFO,,,
spdb-v1-unassigned-b441d3dc04e0,Presidencia,non_partisan,2023-02-23,pragmatic_function,pragmatic_function,PF_PROCEDURAL,,,,PF_INFO,,,
spdb-v1-unassigned-b57f53b63185,Joan Olòriz Serra,ERCCATSÍ,2017-11-28,pragmatic_function,pragmatic_function,PF_PROPOSAL,,,,PF_PROCEDURAL,,,
spdb-v1-unassigned-b69e45a0bec6,Pilar Garrido Gutiérrez,UP,2023-02-23,pragmatic_function,pragmatic_function,PF_DEFENSE,,,,PF_ADVOCACY,,,
spdb-v1-unassigned-c0c77687ca44,Joseba Agirretxea Urresti,EAJPNV,2017-11-28,pragmatic_function,pragmatic_function,PF_ADVOCACY,,,,PF_INFO,,,
spdb-v1-unassigned-cfa82fc9c391,María Montero Cuadrado,PSOE,2023-02-23,pragmatic_function,pragmatic_function,PF_DEFENSE,,,,PF_APPEAL,,,
spdb-v1-unassigned-cfc51ad239a1,Pablo Echenique Robba,UP,2020-11-12,pragmatic_function,pragmatic_function,PF_INFO,,,,PF_DEFENSE,,,
spdb-v1-unassigned-dff8b57dc1a6,Melisa Rodríguez Hernández,Cs,2017-09-19,pragmatic_function,pragmatic_function,PF_ATTACK,,,,PF_PROCEDURAL,,,
spdb-v1-unassigned-e0c5ed850aea,Presidencia,non_partisan,2017-11-28,pragmatic_function,pragmatic_function,PF_PROCEDURAL,,,,PF_INFO,,,
spdb-v1-unassigned-e445ea8dcd00,María Galovart Carrera,PSdGPSOE,2017-11-28,pragmatic_function,pragmatic_function,PF_PROPOSAL,,,,PF_ADVOCACY,,,
spdb-v1-unassigned-eb453642ca5f,Joseba Agirretxea Urresti,EAJPNV,2017-11-28,pragmatic_function,pragmatic_function,PF_PROPOSAL,,,,PF_INFO,,,
spdb-v1-unassigned-eda6c9203b41,Idoia Sagastizabal Unzetabarrenetxea,EAJPNV,2017-11-28,pragmatic_function,pragmatic_function,PF_PROPOSAL,,,,PF_INFO,,,
spdb-v1-unassigned-f4efaf8c67ab,Presidencia,non_partisan,2017-11-30,pragmatic_function,pragmatic_function,PF_PROCEDURAL,,,,PF_ADVOCACY,,,
spdb-v1-unassigned-fa90f514edd7,Susana Sumelzo Jordán,PSOE,2017-11-28,pragmatic_function,pragmatic_function,PF_PROPOSAL,,,,PF_APPEAL,,,
spdb-v1-unassigned-fc7bbb055ea5,Presidencia,non_partisan,2017-11-30,pragmatic_function,pragmatic_function,PF_PROCEDURAL,,,,PF_INFO,,,
