unit_id,daniel_label,jose_jaime_label,label_pair,cause_primary,codebook_sections,rationale,speaker_party,date,document_id,n_chars,text_preview
spdb-v1-unassigned-783020218722,PF_DEFENSE,PF_ADVOCACY,PF_DEFENSE->PF_ADVOCACY,C4,§4 steps5 vs 7; §5.3/§5.1,Reactive defense vs proactive advocacy hinges on implied prior attack often outside the unit.,Cs,2020-11-12,ParlaMint-ES_2020-11-12-CD201112.u14,1723,"Así pasa, que aparece un partido que se sienta a negociar con ambos, como hacen los liberales europeos, que negocian con los conservadores y con los socialdemócratas, y todo el mundo: Oh, ¿qué es esto? Es un ovni. No, es política y no polit"
spdb-v1-unassigned-7bc5528e899b,PF_DEFENSE,PF_DEFLECT,PF_DEFENSE->PF_DEFLECT,C3,§4 steps2 vs 5; §5.7 DEFLECT; §5.3 DEFENSE,DEFLECT rare; pivot-vs-engage needs richer positive/negative examples than v1 provides.,EAJPNV,2017-09-19,ParlaMint-ES_2017-09-19-CD170919.u68,400,"Con todo el respeto, creemos que no tiene por qué ser efectiva, sino que ya es efectiva para regular el mercado de viviendas. En todo caso, existiendo un precedente, era innecesario haberlo hecho de esta manera. Existiendo campos en los que"
spdb-v1-unassigned-eb453642ca5f,PF_PROPOSAL,PF_INFO,PF_PROPOSAL->PF_INFO,C2,§4 steps3 vs 8; §5.4/§5.6,Bill/description vs pledge boundary unclear when future-tense is weak.,EAJPNV,2017-11-28,ParlaMint-ES_2017-11-28-CD171128.u29,1526,"Gracias, señora presidenta. El Grupo Parlamentario Socialista nos ha traído una proposición de ley con el propósito de introducir tres modificaciones en la ley 3/2007, de 15 de marzo, norma esta que tiene por objeto regular los requisitos n"
spdb-v1-unassigned-b57f53b63185,PF_PROPOSAL,PF_PROCEDURAL,PF_PROPOSAL->PF_PROCEDURAL,C5,§4 step1 vs 3; §5.8/§5.4,Long unit may open with ritual then pivot to substance; segmentation amplifies PF ambiguity.,ERCCATSÍ,2017-11-28,ParlaMint-ES_2017-11-28-CD171128.u13,1714,"Lo que no tenemos nada regulado, y es un enorme fraude, son los pretendidos contratos de aprendizaje, que son un bosque de fraude. Yo no digo que no tengamos que empezar por lo que se nos propone. He hablado con diferentes universidades cat"
spdb-v1-unassigned-05d607df9c93,PF_PROCEDURAL,PF_INFO,PF_PROCEDURAL->PF_INFO,C2,"§4 step1/step8; §5.8 PROCEDURAL; §5.6 INFO phrasing ""procedural information""","Chair management with reporting content; INFO explicitly allows ""procedural information"" → operational conflict with PROCEDURAL.",non_partisan,2017-09-19,ParlaMint-ES_2017-09-19-CD170919.u84,147,"Muchas gracias. En el turno de fijación de posiciones, por el Grupo Parlamentario Mixto, tiene la palabra, en primer lugar, el señor Alli Martínez."
spdb-v1-unassigned-35a6117f0c82,PF_ATTACK,PF_ADVOCACY,PF_ATTACK->PF_ADVOCACY,C3,§4 steps6–7; §5.1/§5.2 actor-vs-policy; §4.1.3 rhetorical labour,Actor-target and policy-argument co-occur; §4.1.3 exists but wave-1 examples for mixed spans are insufficient.,PSOE,2020-11-12,ParlaMint-ES_2020-11-12-CD201112.u40,1758,"Se puede ser digno con poco y se puede ser indigno con mucho, y no faltan ejemplos de lo uno y de lo otro. Lo que sí es indigno son los salarios de miseria, la explotación de los trabajadores o la discriminación de las mujeres. Ningún traba"
spdb-v1-unassigned-483e95cc103b,PF_INFO,PF_DEFENSE,PF_INFO->PF_DEFENSE,C4,§4 steps5 vs 8; §5.3/§5.6,Whether description is rebuttal depends on prior accusation context missing from unit-only coding.,EAJPNV,2020-11-12,ParlaMint-ES_2020-11-12-CD201112.u24,1811,"En este sentido, tengo que decir que, efectivamente, la previsión de ingresos puede estar subestimada, pero también porque el método tradicional para elaborar las estimaciones está basado en la elasticidad de los impuestos y en la elasticid"
spdb-v1-unassigned-082ee9dc9ec7,PF_DEFENSE,PF_INFO,PF_DEFENSE->PF_INFO,C4,§4 steps5 vs 8; §5.3/§5.6,Whether description is rebuttal depends on prior accusation context missing from unit-only coding.,PSOE,2020-11-12,ParlaMint-ES_2020-11-12-CD201112.u42,1850,"Muy brevemente, presidenta. Muchas gracias, señora Lastra y señor Echenique, por sus intervenciones en el turno de fijación de posiciones en defensa de este proyecto de Presupuestos del Estado. Gracias también, señor Echenique, por defender"
spdb-v1-unassigned-60dd3e86e761,PF_APPEAL,PF_PROPOSAL,PF_APPEAL->PF_PROPOSAL,C3,§4 steps3–4; §5.5/§5.4,Audience mobilisation blends with policy/commitment; needs contrastive exemplars.,PP,2017-11-30,ParlaMint-ES_2017-11-30-CD171130.u41,1499,Por eso hoy es un día importante para todos nosotros y para nuestro proyecto de hacer una sociedad más sana y más responsable. Con la convalidación de este real decreto-ley estamos dando un paso adelante en la prevención y en la protección 
spdb-v1-unassigned-af494fedf1eb,PF_PROCEDURAL,PF_ATTACK,PF_PROCEDURAL->PF_ATTACK,C1,§4 step1 vs 6; §5.8/§5.2,Chamber-management formula; non-PROCEDURAL assignment likely application error under step 1.,non_partisan,2017-09-19,ParlaMint-ES_2017-09-19-CD170919.u53,827,Pasamos al punto del orden del día relativo a las proposiciones no de ley. Recuerdo de nuevo a sus señorías que no se pueden hacer vídeos ni fotografías en el hemiciclo. Se lo recuerdo porque en la última intervención ha habido fotografías 
spdb-v1-unassigned-f4efaf8c67ab,PF_PROCEDURAL,PF_ADVOCACY,PF_PROCEDURAL->PF_ADVOCACY,C1,§4 step1 vs 7; §5.8/§5.1,Chamber-management formula; non-PROCEDURAL assignment likely application error under step 1.,non_partisan,2017-11-30,ParlaMint-ES_2017-11-30-CD171130.u80,563,"Pasamos ahora a votar el Real Decreto-ley 17/2017, de 17 de noviembre, por el que se modifica la Ley 28/2005, de 26 de diciembre, de medidas sanitarias frente al tabaquismo y reguladora de la venta, el suministro, el consumo y la publicidad"
spdb-v1-unassigned-91b87988aed6,PF_ATTACK,PF_DEFENSE,PF_ATTACK->PF_DEFENSE,C4,§4 steps5–6; §5.3 DEFENSE react; §5.2 ATTACK initiate,"Initiate-vs-react requires recoverable prior criticism; PF protocol uses isolated units (±0 context), so distinction is context-starved.",Cs,2017-11-28,ParlaMint-ES_2017-11-28-CD171128.u117,1652,"Muchas gracias, presidente. Señorías, se nos presenta una moción para eliminar el 155, pero yo creo que falta un dato para poder contextualizar adecuadamente esta moción - dato que no se ha mencionado aquí aun, pero que hay que decir para p"
spdb-v1-unassigned-6d6700eea2a4,PF_ATTACK,PF_ADVOCACY,PF_ATTACK->PF_ADVOCACY,C3,§4 steps6–7; §5.1/§5.2 actor-vs-policy; §4.1.3 rhetorical labour,Actor-target and policy-argument co-occur; §4.1.3 exists but wave-1 examples for mixed spans are insufficient.,ECUP,2017-09-19,ParlaMint-ES_2017-09-19-CD170919.u24,1740,"Buenas tardes a todos y a todas. Señora Lucio, vamos a votar a favor de la toma en consideración de la propuesta de ley que hoy nos hacen, pero les adelantamos ya que nuestro grupo no comparte su propuesta y que, por tanto, vamos a enmendar"
spdb-v1-unassigned-dff8b57dc1a6,PF_ATTACK,PF_PROCEDURAL,PF_ATTACK->PF_PROCEDURAL,C2,§4 step1 vs 6; §5.8/§5.2,Partial ritual cues without exclusive management test.,Cs,2017-09-19,ParlaMint-ES_2017-09-19-CD170919.u22,399,"Nueve meses después de la aprobación del real decreto y cinco meses después de la negociación, el reglamento sigue en consultas. Solo les dejo una reflexión: el 23 de septiembre comienza el otoño y llegaremos con un reglamento sobre bono so"
spdb-v1-unassigned-1b02f725631c,PF_ATTACK,PF_ADVOCACY,PF_ATTACK->PF_ADVOCACY,C1,§4 steps6–7; §5.1/§5.2 actor-vs-policy; §4.1.3 rhetorical labour,Codebook actor-vs-policy rule appears decisive on surface cues; disagreement likely application/training.,ECP,2017-09-19,ParlaMint-ES_2017-09-19-CD170919.u58,1580,"A nadie se le pasó por la cabeza sentar las bases de un nuevo modelo de acceso a la vivienda basado en el alquiler a precios asequibles para la mayoría. Lo que se le ocurrió a la que entonces era ministra de Fomento, Ana Pastor, fue present"
spdb-v1-unassigned-6a499198b4d9,PF_ADVOCACY,PF_PROPOSAL,PF_ADVOCACY->PF_PROPOSAL,C2,§4 steps3 vs 7; §5.4 PROPOSAL commit; §5.1 ADVOCACY,Soft pledges / implied future action lack an operational commitment threshold.,EAJPNV,2017-11-30,ParlaMint-ES_2017-11-30-CD171130.u14,1916,"Ya de forma más específica, en aguas interiores y a la vista del contenido real de las situaciones a que aquí se hace frente, han de considerarse otros dos títulos competenciales implicados que conllevan hacer partícipes a las comunidades a"
spdb-v1-unassigned-cfc51ad239a1,PF_INFO,PF_DEFENSE,PF_INFO->PF_DEFENSE,C4,§4 steps5 vs 8; §5.3/§5.6,Whether description is rebuttal depends on prior accusation context missing from unit-only coding.,UP,2020-11-12,ParlaMint-ES_2020-11-12-CD201112.u4,1875,"Pues bien, hoy empezamos a tramitar unos Presupuestos Generales del Estado que certifican la derrota histórica de esta ideología fracasada en España, y eso es una buena noticia. Solo algunos datos que respaldan esta afirmación. En primer lu"
spdb-v1-unassigned-a8455bf2bda3,PF_ATTACK,PF_ADVOCACY,PF_ATTACK->PF_ADVOCACY,C2,§4 steps6–7; §5.1/§5.2 actor-vs-policy; §4.1.3 rhetorical labour,Primary target hard to recover; rhetorical-labour test underspecified without examples.,Cs,2017-09-19,ParlaMint-ES_2017-09-19-CD170919.u20,71,La señora Lucio decía que el Partido Socialista tiene las cosas claras.
spdb-v1-unassigned-01002191acc8,PF_ATTACK,PF_PROPOSAL,PF_ATTACK->PF_PROPOSAL,C3,§4 steps3 vs 6; §5.4/§5.2,Dual-move pledge+attack spans; dominant-move examples insufficient.,UP,2017-11-30,ParlaMint-ES_2017-11-30-CD171130.u53,1400,"Mientras que la combustión del tabaco convencional es a 800 grados, los dispositivos calentadores de tabaco funcionan a 300 grados o menos, pero no hay acuerdo, ya que el potencial de riesgo del tabaco calentado es mayor que el del cigarril"
spdb-v1-unassigned-2c68bbd87376,PF_ADVOCACY,PF_INFO,PF_ADVOCACY->PF_INFO,C1,§4 steps7–8; §5.1 normative vs §5.6 descriptive,Surface cues align with one side of normative-vs-descriptive rule.,PSOE,2020-11-12,ParlaMint-ES_2020-11-12-CD201112.u34,1542,"El camino acaba de empezar. Yo he tildado de ajustes fiscales las propuestas que incluimos en este proyecto de presupuestos porque, efectivamente, son eso, determinados ajustes sobre determinadas figuras tributarias que hacen que ganemos pr"
spdb-v1-unassigned-76429caa650e,PF_ATTACK,PF_APPEAL,PF_ATTACK->PF_APPEAL,C3,§4 steps4 vs 6; §5.5 APPEAL; §5.2 ATTACK,Rule present; contrastive attack/appeal exemplars thin for borderline rhetoric.,Cs,2020-11-12,ParlaMint-ES_2020-11-12-CD201112.u16,190,"Acabo, señora presidenta. Aquí tienen una mano tendida de verdad; si no la cogen porque cogen la de Bildu y Esquerra, jamás podrán volver a decir que no tuvieron otra opción. Muchas gracias."
spdb-v1-unassigned-329e5f834a1f,PF_ADVOCACY,PF_INFO,PF_ADVOCACY->PF_INFO,C1,§4 steps7–8; §5.1 normative vs §5.6 descriptive,Surface cues align with one side of normative-vs-descriptive rule.,EHBildu,2020-11-12,ParlaMint-ES_2020-11-12-CD201112.u32,1877,"Muchas gracias, señor presidente. Señorías, arranco con una constatación tras escuchar a la señora Arrimadas: el nacionalismo español no tiene espejos. Es capaz de ver nacionalismos en todos los lugares y en todas las circunstancias, menos "
spdb-v1-unassigned-b441d3dc04e0,PF_PROCEDURAL,PF_INFO,PF_PROCEDURAL->PF_INFO,C2,"§4 step1/step8; §5.8 PROCEDURAL; §5.6 INFO phrasing ""procedural information""","Chair management with reporting content; INFO explicitly allows ""procedural information"" → operational conflict with PROCEDURAL.",non_partisan,2023-02-23,ParlaMint-ES_2023-02-23-CD230223.u62,193,"En consecuencia, queda rechazado el punto 3. Punto 4. Comienza la votación. Efectuada la votación, dio el siguiente resultado: votos emitidos, 340; a favor, 314; en contra, 8; abstenciones, 18."
spdb-v1-unassigned-068f7ac6e082,PF_PROCEDURAL,PF_INFO,PF_PROCEDURAL->PF_INFO,C2,"§4 step1/step8; §5.8 PROCEDURAL; §5.6 INFO phrasing ""procedural information""",Presidencia turn without exclusive management cues; PROCEDURAL/INFO boundary underspecified for chair reporting.,non_partisan,2017-11-30,ParlaMint-ES_2017-11-30-CD171130.u79,413,"En consecuencia no se tramitará por el procedimiento de urgencia. - REAL DECRETO-LEY 17/2017, DE 17 DE NOVIEMBRE, POR EL QUE SE MODIFICA LA LEY 28/2005, DE 26 DE DICIEMBRE, DE MEDIDAS SANITARIAS FRENTE AL TABAQUISMO Y REGULADORA DE LA VENTA"
spdb-v1-unassigned-c0c77687ca44,PF_ADVOCACY,PF_INFO,PF_ADVOCACY->PF_INFO,C2,§4 steps7–8; §5.1 normative vs §5.6 descriptive,Mild stance without clear evaluative markers; INFO residual threshold underspecified.,EAJPNV,2017-11-28,ParlaMint-ES_2017-11-28-CD171128.u29,461,"También quiero decir que es una competencia del Estado esta materia, por tanto, no vemos que haya ninguna invasión competencial, asume los principios inspiradores de aquella ley que fue pionera y considero que en el Parlamento vasco se dio "
spdb-v1-unassigned-aef6af22819b,PF_PROPOSAL,PF_ADVOCACY,PF_PROPOSAL->PF_ADVOCACY,C1,§4 steps3 vs 7; §5.4 PROPOSAL commit; §5.1 ADVOCACY,Policy argument without commitment; proposal over-application likely.,UP,2023-02-23,ParlaMint-ES_2023-02-23-CD230223.u31,1497,"Como todos sabemos, el cupo es la aportación que Euskadi hace cada año a las arcas comunes del Estado por las competencias no transferidas al Gobierno autonómico: ciertas infraestructuras, aeropuertos, puertos, representación exterior y def"
spdb-v1-unassigned-cfa82fc9c391,PF_DEFENSE,PF_APPEAL,PF_DEFENSE->PF_APPEAL,C4,§4 steps4–5; §5.3/§5.5,Defense membership depends on recoverable prior criticism beyond the isolated unit.,PSOE,2023-02-23,ParlaMint-ES_2023-02-23-CD230223.u7,1528,"Además, señorías, probablemente por desconocimiento, ustedes, en la exposición de motivos,trasladan una falta de evidencia, diría yo, sobre lo que ha representado nuestra historia y un desconocimiento de lo que se establece respecto de esto"
spdb-v1-unassigned-443dcd74d760,PF_ATTACK,PF_DEFLECT,PF_ATTACK->PF_DEFLECT,C3,§4 steps2 vs 6; §5.7/§5.2,DEFLECT rare; pivot-vs-engage needs richer positive/negative examples than v1 provides.,COMPROMÍSQ,2023-02-23,ParlaMint-ES_2023-02-23-CD230223.u29,237,"Insisto, votaré convencido y decidido en contra de esas enmiendas y de toda la demagogia que se ha hecho aquí por parte de VOX y de Ciudadanos, pero, insisto, señores del PP y señores del PSOE, esto tiene que acabar de una vez por todas."
spdb-v1-unassigned-597eb26a3f6c,PF_DEFENSE,PF_ADVOCACY,PF_DEFENSE->PF_ADVOCACY,C4,§4 steps5 vs 7; §5.3/§5.1,Reactive defense vs proactive advocacy hinges on implied prior attack often outside the unit.,PP,2017-09-19,ParlaMint-ES_2017-09-19-CD170919.u99,1623,"Señora presidenta, señorías, señor Rivera, el Grupo Popular se adhiere sin fisuras al contenido completo de esa moción y también quiere reconocerle y agradecerle a usted y a todos los grupos el apoyo que han manifestado de una u otra manera"
spdb-v1-unassigned-6fa9450f10d7,PF_PROCEDURAL,PF_INFO,PF_PROCEDURAL->PF_INFO,C2,"§4 step1/step8; §5.8 PROCEDURAL; §5.6 INFO phrasing ""procedural information""","Chair management with reporting content; INFO explicitly allows ""procedural information"" → operational conflict with PROCEDURAL.",non_partisan,2017-09-19,ParlaMint-ES_2017-09-19-CD170919.u96,139,"Muchas gracias. Por el Grupo Parlamentario Confederal de Unidos Podemos-En Comú Podem-En Marea, tiene la palabra el señor Domènech Sampere."
spdb-v1-unassigned-1c2af9a1728f,PF_PROCEDURAL,PF_INFO,PF_PROCEDURAL->PF_INFO,C2,"§4 step1/step8; §5.8 PROCEDURAL; §5.6 INFO phrasing ""procedural information""","Chair management with reporting content; INFO explicitly allows ""procedural information"" → operational conflict with PROCEDURAL.",non_partisan,2017-09-19,ParlaMint-ES_2017-09-19-CD170919.u150,166,"Queda aprobado. Punto 7. Comienza la votación. Efectuada la votación, dio el siguiente resultado: votos emitidos, 329; a favor, 157; en contra, 127; abstenciones, 45."
spdb-v1-unassigned-1590cc6e03b7,PF_PROCEDURAL,PF_INFO,PF_PROCEDURAL->PF_INFO,C2,"§4 step1/step8; §5.8 PROCEDURAL; §5.6 INFO phrasing ""procedural information""","Chair management with reporting content; INFO explicitly allows ""procedural information"" → operational conflict with PROCEDURAL.",non_partisan,2023-02-23,ParlaMint-ES_2023-02-23-CD230223.u8,260,"Muchas gracias, señora ministra. Se han presentado dos enmiendas a la totalidad de devolución a cada uno de los proyectos de ley. Para la defensa de las enmiendas presentadas, tiene la palabra, por el Grupo Parlamentario Ciudadanos, la seño"
spdb-v1-unassigned-8740f8f1e4e8,PF_ATTACK,PF_APPEAL,PF_ATTACK->PF_APPEAL,C3,§4 steps4 vs 6; §5.5 APPEAL; §5.2 ATTACK,Rule present; contrastive attack/appeal exemplars thin for borderline rhetoric.,ECP,2017-09-19,ParlaMint-ES_2017-09-19-CD170919.u58,1827,"... o el pelotazo urbanístico, y mientras tanto nos repetían frases como: alquilar es tirar el dinero, en España llevamos la propiedad en el ADN, etcétera. Pero como mi tiempo es muy limitado, voy a centrarme en repasar algunas de las desas"
spdb-v1-unassigned-fa90f514edd7,PF_PROPOSAL,PF_APPEAL,PF_PROPOSAL->PF_APPEAL,C3,§4 steps3–4; §5.5/§5.4,Audience mobilisation blends with policy/commitment; needs contrastive exemplars.,PSOE,2017-11-28,ParlaMint-ES_2017-11-28-CD171128.u92,1936,"Habiendo cumplido esta limitación, puesto que el total de la deuda viva del conjunto de las entidades locales se situó al término del año 2016 en un 2,9 % del PIB, planteamos al Gobierno una revisión de las restricciones a la concertación d"
spdb-v1-unassigned-7a1e7c1efb7a,PF_PROPOSAL,PF_APPEAL,PF_PROPOSAL->PF_APPEAL,C3,§4 steps3–4; §5.5/§5.4,Audience mobilisation blends with policy/commitment; needs contrastive exemplars.,ECP,2017-09-19,ParlaMint-ES_2017-09-19-CD170919.u60,1756,Esta es una herramienta imprescindible para evitar que clases populares y medias sean expulsadas de sus viviendas por no poder hacer frente a los nuevos contratos. Y que a nadie se le ocurra decir que esto significa intervenir el mercado y 
spdb-v1-unassigned-eda6c9203b41,PF_PROPOSAL,PF_INFO,PF_PROPOSAL->PF_INFO,C2,§4 steps3 vs 8; §5.4/§5.6,Bill/description vs pledge boundary unclear when future-tense is weak.,EAJPNV,2017-11-28,ParlaMint-ES_2017-11-28-CD171128.u77,1882,"Respecto al punto 3, es verdad que cambiaría las previsiones de recuperar los costes fijos de las instalaciones y, por lo tanto, algunas de ellas podrían dejar de funcionar, por lo que deberíamos tener en cuenta la necesidad existente de te"
spdb-v1-unassigned-598437f9ffdc,PF_ATTACK,PF_DEFENSE,PF_ATTACK->PF_DEFENSE,C4,§4 steps5–6; §5.3 DEFENSE react; §5.2 ATTACK initiate,"Initiate-vs-react requires recoverable prior criticism; PF protocol uses isolated units (±0 context), so distinction is context-starved.",PSOE,2017-11-28,ParlaMint-ES_2017-11-28-CD171128.u65,1833,"La razón técnica es, según nos dicen, que el operador del mercado quiso garantizarse la seguridad de la oferta por si fallaba el dios Eolo y activó el llamado mercado de ajustes, distinto del diario e intradiario y sin límites de precio, po"
spdb-v1-unassigned-e0c5ed850aea,PF_PROCEDURAL,PF_INFO,PF_PROCEDURAL->PF_INFO,C2,"§4 step1/step8; §5.8 PROCEDURAL; §5.6 INFO phrasing ""procedural information""","Chair management with reporting content; INFO explicitly allows ""procedural information"" → operational conflict with PROCEDURAL.",non_partisan,2017-11-28,ParlaMint-ES_2017-11-28-CD171128.u22,697,"Continuamos con el punto del orden del día correspondiente a la toma en consideración de la proposición de ley del Grupo Socialista, para la reforma de la Ley 3/2007, de 15 de marzo, reguladora de la rectificación registral de la mención re"
spdb-v1-unassigned-a8fafbfe6cd5,PF_APPEAL,PF_ADVOCACY,PF_APPEAL->PF_ADVOCACY,C3,§4 steps4 vs 7; §5.5/§5.1,Audience mobilisation blends with policy/commitment; needs contrastive exemplars.,ECPGUAYEMELCANVI,2017-09-19,ParlaMint-ES_2017-09-19-CD170919.u29,1755,"Bona tarda. Hoy, que presentamos una ley para el avance democrático de todo el Estado, como catalana sería imposible no empezar denunciando desde esta tribuna la vulneración de las libertades y los derechos fundamentales que está perpetrand"
spdb-v1-unassigned-6fd100ce1240,PF_APPEAL,PF_PROPOSAL,PF_APPEAL->PF_PROPOSAL,C3,§4 steps3–4; §5.5/§5.4,Audience mobilisation blends with policy/commitment; needs contrastive exemplars.,PSOE,2020-11-12,ParlaMint-ES_2020-11-12-CD201112.u40,1697,"Gracias, presidenta. Viendo las caras apetece decir: ¡Ánimo, que solo quedo yo! Muchas gracias, señora presidenta, como decía antes. Señora ministra, señoras y señores diputados, el pasado lunes se cumplía el aniversario de la caída del Mur"
spdb-v1-unassigned-53ec7a381c34,PF_ATTACK,PF_APPEAL,PF_ATTACK->PF_APPEAL,C1,§4 steps4 vs 6; §5.5 APPEAL; §5.2 ATTACK,Dominant cue set matches one class under existing tree; likely application variance.,JxCatJUNTS,2017-11-28,ParlaMint-ES_2017-11-28-CD171128.u143,1902,"Buenas tardes, señorías, presidenta. Fíjense que yo pensaba que en este tema también íbamos a coincidir, porque era una iniciativa que defendía un acceso efectivo a la cultura. Pensábamos que no podríamos más que decir que sí y votar afirma"
spdb-v1-unassigned-44bf652df8f3,PF_ATTACK,PF_ADVOCACY,PF_ATTACK->PF_ADVOCACY,C2,§4 steps6–7; §5.1/§5.2 actor-vs-policy; §4.1.3 rhetorical labour,Primary target hard to recover; rhetorical-labour test underspecified without examples.,PSOE,2017-11-28,ParlaMint-ES_2017-11-28-CD171128.u92,1770,"Muchas gracias. Señorías, volvemos a traer este tema al Pleno del Congreso de los Diputados y con esta moción los socialistas exigimos al Gobierno del señor Rajoy que dé solución de una vez por todas a los problemas de hacienda, de financia"
spdb-v1-unassigned-65b5f1261c2f,PF_INFO,PF_ATTACK,PF_INFO->PF_ATTACK,C2,§4 steps6 vs 8; §5.2/§5.6,Borderline evaluative description without clear actor target.,PSdGPSOE,2017-09-19,ParlaMint-ES_2017-09-19-CD170919.u49,1816,"Fue el primer matrimonio igualitario de Galicia y de los primeros documentados de Europa. Cierro este paréntesis y vuelvo al hilo de mi argumentación. Hoy, desgraciadamente, es un día para escandalizarnos con la intolerancia del Partido Pop"
spdb-v1-unassigned-1ce88cf743e8,PF_PROPOSAL,PF_ADVOCACY,PF_PROPOSAL->PF_ADVOCACY,C2,§4 steps3 vs 7; §5.4 PROPOSAL commit; §5.1 ADVOCACY,Soft pledges / implied future action lack an operational commitment threshold.,PSOE,2020-11-12,ParlaMint-ES_2020-11-12-CD201112.u8,1437,"A nuestra generación le ha tocado hacer frente a una situación que nadie esperaba y que, por tanto, ha exigido una respuesta europea inédita a nivel internacional. En esta ocasión creo que podemos coincidir en que en la reacción ante la pan"
spdb-v1-unassigned-2ed2284747e8,PF_PROPOSAL,PF_ATTACK,PF_PROPOSAL->PF_ATTACK,C3,§4 steps3 vs 6; §5.4/§5.2,Dual-move pledge+attack spans; dominant-move examples insufficient.,PP,2017-11-28,ParlaMint-ES_2017-11-28-CD171128.u79,1753,"Gracias, señor presidente. Señorías, leyendo esta proposición no de ley he tenido un déjà vu, creía que lo había vivido ya, y cuando he seguido leyendo he recordado y me he dado cuenta de que es verdad: ya lo había vivido, ya habíamos debat"
spdb-v1-unassigned-ab76459daa03,PF_PROCEDURAL,PF_INFO,PF_PROCEDURAL->PF_INFO,C2,"§4 step1/step8; §5.8 PROCEDURAL; §5.6 INFO phrasing ""procedural information""","Chair management with reporting content; INFO explicitly allows ""procedural information"" → operational conflict with PROCEDURAL.",non_partisan,2017-11-30,ParlaMint-ES_2017-11-30-CD171130.u67,516,"Pasamos ahora, señorías, a votar la proposición no de ley del Grupo Parlamentario Popular en el Congreso, por la que se insta al Gobierno al apoyo del Centro Nacional de Supercomputación de Barcelona y la Red Española de Supercomputación. S"
spdb-v1-unassigned-405d9499b876,PF_ATTACK,PF_APPEAL,PF_ATTACK->PF_APPEAL,C1,§4 steps4 vs 6; §5.5 APPEAL; §5.2 ATTACK,Dominant cue set matches one class under existing tree; likely application variance.,EHBildu,2020-11-12,ParlaMint-ES_2020-11-12-CD201112.u32,1728,"Cuando he oído a la representante de Ciudadanos decirles que ustedes, es decir, el Gobierno, el Partido Socialista, conoce mejor que nadie de su capacidad para llegar a acuerdos, a mí algo me ha resultado raro. Los únicos acuerdos que recue"
spdb-v1-unassigned-7108aebeecb7,PF_ADVOCACY,PF_DEFENSE,PF_ADVOCACY->PF_DEFENSE,C4,§4 steps5 vs 7; §5.3/§5.1,Reactive defense vs proactive advocacy hinges on implied prior attack often outside the unit.,ECPGUAYEMELCANVI,2017-09-19,ParlaMint-ES_2017-09-19-CD170919.u29,1772,"Como decía, esta es una ley ambiciosa, una ley de noventa y nueve artículos, que aborda todos los momentos y ámbitos de la vida. Es una ley que por supuesto busca hacer frente a las agresiones LGTBI-fóbicas, en alarmante ascenso en nuestros"
spdb-v1-unassigned-a707072d44fe,PF_ADVOCACY,PF_INFO,PF_ADVOCACY->PF_INFO,C2,§4 steps7–8; §5.1 normative vs §5.6 descriptive,Mild stance without clear evaluative markers; INFO residual threshold underspecified.,UP,2017-11-28,ParlaMint-ES_2017-11-28-CD171128.u5,1587,"Gracias, señora presidenta. Buenas tardes. En primer lugar, quiero agradecer a las organizaciones y colectivos presentes hoy aquí que hayan colaborado con nosotros en la elaboración de esta ley. Muchas gracias al Consejo de la Juventud de E"
spdb-v1-unassigned-7c6ba9a857ad,PF_ATTACK,PF_APPEAL,PF_ATTACK->PF_APPEAL,C6,§4 steps4 vs 6; §5.5 APPEAL; §5.2 ATTACK,Mobilisation + opponent attack co-occur; APPEAL-before-ATTACK order does not resolve conceptual non-exclusivity of campaign rhetoric.,Vox,2023-02-23,ParlaMint-ES_2023-02-23-CD230223.u11,1724,"La ministra, cuando juró su cargo dijo que la mejora de la financiación de las autonomías será una de las cuestiones fundamentales de la agenda del nuevo Gobierno; dijo que hay que ser capaces de explicar muy bien cómo y dónde se depositan "
spdb-v1-unassigned-5b618b4d7943,PF_ADVOCACY,PF_DEFLECT,PF_ADVOCACY->PF_DEFLECT,C5,§4 steps2 vs 7; §5.1/§5.7,Very long multi-move span; unit boundary amplifies PF disagreement.,PSdGPSOE,2017-09-19,ParlaMint-ES_2017-09-19-CD170919.u49,1871,"En consecuencia con lo expuesto, podemos afirmar que todas las iniciativas mencionadas constituyen el mínimo común normativo de derecho antidiscriminatorio, derecho antidiscriminatorio de ineludible necesidad, pues la lucha contra la discri"
spdb-v1-unassigned-7d41ba6a69d6,PF_PROCEDURAL,PF_INFO,PF_PROCEDURAL->PF_INFO,C2,"§4 step1/step8; §5.8 PROCEDURAL; §5.6 INFO phrasing ""procedural information""",Presidencia turn without exclusive management cues; PROCEDURAL/INFO boundary underspecified for chair reporting.,non_partisan,2023-02-23,ParlaMint-ES_2023-02-23-CD230223.u54,240,"En consecuencia, queda aprobada por unanimidad la proposición no de ley. - PROPOSICIÓN NO DE LEY DEL GRUPO PARLAMENTARIO CIUDADANOS, RELATIVA A GARANTIZAR LA IGUALDAD EN EL ACCESO A LOS TRATAMIENTOS DE CÁNCER EN TODO EL TERRITORIO NACIONAL."
spdb-v1-unassigned-491f4793313e,PF_PROPOSAL,PF_ATTACK,PF_PROPOSAL->PF_ATTACK,C3,§4 steps3 vs 6; §5.4/§5.2,Dual-move pledge+attack spans; dominant-move examples insufficient.,CPEUPV,2017-09-19,ParlaMint-ES_2017-09-19-CD170919.u64,1875,"Señora presidenta, señorías, España representa el 9 % de la población de la Unión Europea pero concentra nada menos que el 31 % de la vivienda vacía. Triste dato en un país que, según nuestra Constitución, se configura como un Estado social"
spdb-v1-unassigned-b69e45a0bec6,PF_DEFENSE,PF_ADVOCACY,PF_DEFENSE->PF_ADVOCACY,C4,§4 steps5 vs 7; §5.3/§5.1,Reactive defense vs proactive advocacy hinges on implied prior attack often outside the unit.,UP,2023-02-23,ParlaMint-ES_2023-02-23-CD230223.u31,1869,"Gracias, presidenta. Diputados, diputadas, ministra, en primer lugar, quiero dar la bienvenida a los representantes del Gobierno vasco y del Gobierno navarro y también a los representantes de las diputaciones forales. Hoy discutimos un tema"
spdb-v1-unassigned-6a45a832de6e,PF_ATTACK,PF_DEFLECT,PF_ATTACK->PF_DEFLECT,C3,§4 steps2 vs 6; §5.7/§5.2,DEFLECT rare; pivot-vs-engage needs richer positive/negative examples than v1 provides.,PP,2023-02-23,ParlaMint-ES_2023-02-23-CD230223.u35,1914,"Gracias, presidenta. He de reconocer que subo a la tribuna con una singular satisfacción. Hace ahora poco más de veinte años tuve ocasión de firmar, en representación del Estado, el acuerdo que hizo ver la luz el Concierto Económico vasco; "
spdb-v1-unassigned-30d3904ba130,PF_ADVOCACY,PF_APPEAL,PF_ADVOCACY->PF_APPEAL,C3,§4 steps4 vs 7; §5.5/§5.1,Audience mobilisation blends with policy/commitment; needs contrastive exemplars.,PP,2017-09-19,ParlaMint-ES_2017-09-19-CD170919.u99,702,"Pero se va a recordar también que hubo otros que apoyamos al Gobierno para que respondiera a ese desafío en defensa de la legalidad, en defensa de la unidad de España y el orden constitucional y en defensa de esa Cataluña abierta, moderada "
spdb-v1-unassigned-37aa7726674c,PF_PROCEDURAL,PF_PROPOSAL,PF_PROCEDURAL->PF_PROPOSAL,C1,§4 step1 vs 3; §5.8/§5.4,Chamber-management formula; non-PROCEDURAL assignment likely application error under step 1.,non_partisan,2017-09-19,ParlaMint-ES_2017-09-19-CD170919.u144,465,"Continuamos con las votaciones correspondientes a las mociones consecuencia de interpelaciones. Moción consecuencia de interpelación urgente del Grupo Parlamentario Socialista, sobre medidas para impulsar una recuperación salarial que supon"
spdb-v1-unassigned-0d29c8934566,PF_PROPOSAL,PF_INFO,PF_PROPOSAL->PF_INFO,C2,§4 steps3 vs 8; §5.4/§5.6,Bill/description vs pledge boundary unclear when future-tense is weak.,PSOE,2020-11-12,ParlaMint-ES_2020-11-12-CD201112.u22,1087,"Y ya una vez que pase esta pandemia - que ojalá sea muy pronto -, podemos volver a dinámicas habituales si es que son buenas, pero en este momento creo que este país necesita un presupuesto que esté apoyado por la gran parte de las formacio"
spdb-v1-unassigned-e445ea8dcd00,PF_PROPOSAL,PF_ADVOCACY,PF_PROPOSAL->PF_ADVOCACY,C2,§4 steps3 vs 7; §5.4 PROPOSAL commit; §5.1 ADVOCACY,Soft pledges / implied future action lack an operational commitment threshold.,PSdGPSOE,2017-11-28,ParlaMint-ES_2017-11-28-CD171128.u23,1466,"También con la reforma se pondrá fin a la inseguridad jurídica que generan resoluciones contradictorias dictadas por los registros civiles. Los derechos de estos menores han sido reconocidos, como ustedes saben, en resoluciones, recomendaci"
spdb-v1-unassigned-afdb8901b085,PF_PROCEDURAL,PF_INFO,PF_PROCEDURAL->PF_INFO,C2,"§4 step1/step8; §5.8 PROCEDURAL; §5.6 INFO phrasing ""procedural information""","Chair management with reporting content; INFO explicitly allows ""procedural information"" → operational conflict with PROCEDURAL.",non_partisan,2023-02-23,ParlaMint-ES_2023-02-23-CD230223.u46,542,"Señorías, vamos a dar comienzo a las votaciones. Ocupen sus escaños, por favor. Tramitación directa y en lectura única de iniciativas legislativas. Votación de las enmiendas a la totalidad al Proyecto de ley por la que se modifica la Ley 28"
spdb-v1-unassigned-1b690fdd7009,PF_DEFENSE,PF_ATTACK,PF_DEFENSE->PF_ATTACK,C4,§4 steps5–6; §5.3 DEFENSE react; §5.2 ATTACK initiate,"Initiate-vs-react requires recoverable prior criticism; PF protocol uses isolated units (±0 context), so distinction is context-starved.",Cs,2020-11-12,ParlaMint-ES_2020-11-12-CD201112.u14,272,"No es necesario soportar esas humillaciones de Otegi, cuando ayer decía que ellos deciden el futuro de España; no es necesario que el señor Sánchez acepte esa humillación de Iglesias diciendo: Aquí estoy yo y me impongo ante la vía del Part"
spdb-v1-unassigned-af42799d1d3b,PF_APPEAL,PF_ADVOCACY,PF_APPEAL->PF_ADVOCACY,C3,§4 steps4 vs 7; §5.5/§5.1,Audience mobilisation blends with policy/commitment; needs contrastive exemplars.,Cs,2017-09-19,ParlaMint-ES_2017-09-19-CD170919.u47,1777,... levantan la voz frente a las injusticias que sufren tantas personas LGTBI. Gracias a todos vosotros hoy podemos sentirnos más orgullosos del país en el que vivimos. Mientras países como Alemania acaban de legalizar el matrimonio homosex
spdb-v1-unassigned-8b84bda12647,PF_ATTACK,PF_INFO,PF_ATTACK->PF_INFO,C1,§4 steps6 vs 8; §5.2/§5.6,Existing attack-vs-info rule appears applicable.,Vox,2023-02-23,ParlaMint-ES_2023-02-23-CD230223.u11,1733,"Por tanto, nosotros únicamente nos posicionamos contra esos privilegios que conlleva inyectar más dinero público a ciertas regiones, al suponer un agravio comparativo para el resto de los españoles. Señorías, hay literatura suficiente en Es"
spdb-v1-unassigned-73334dc3a186,PF_ATTACK,PF_PROPOSAL,PF_ATTACK->PF_PROPOSAL,C3,§4 steps3 vs 6; §5.4/§5.2,Dual-move pledge+attack spans; dominant-move examples insufficient.,PSOE,2017-09-19,ParlaMint-ES_2017-09-19-CD170919.u106,1046,"Esta frase nos viene al pelo, porque esa pregunta sintetiza la postura de un Gobierno que pretende hacernos creer que no hay más fórmula posible que la de los salarios bajos y los contratos precarios para salir de la crisis. Es toda una fal"
spdb-v1-unassigned-fc7bbb055ea5,PF_PROCEDURAL,PF_INFO,PF_PROCEDURAL->PF_INFO,C2,"§4 step1/step8; §5.8 PROCEDURAL; §5.6 INFO phrasing ""procedural information""",Presidencia turn without exclusive management cues; PROCEDURAL/INFO boundary underspecified for chair reporting.,non_partisan,2017-11-30,ParlaMint-ES_2017-11-30-CD171130.u33,363,"Muchas gracias. - REAL DECRETO-LEY 17/2017, DE 17 DE NOVIEMBRE, POR EL QUE SE MODIFICA LA LEY 28/2005, DE 26 DE DICIEMBRE, DE MEDIDAS SANITARIAS FRENTE AL TABAQUISMO Y REGULADORA DE LA VENTA, EL SUMINISTRO, EL CONSUMO Y LA PUBLICIDAD DE LOS"
